Randie,Schwand,rschwand0@soundcloud.com,aD2Z_oq+k'2b
Emilie,Puller,epuller1@goo.gl,vV0Qn!J4\87djg
Carley,Titmarsh,ctitmarsh2@edublogs.org,"zI0YGxC""f4U}84Xy"
Kerri,Cavendish,kcavendish3@geocities.jp,yN3e<9r4MDafkH
Emmeline,Gilder,egilder4@ebay.co.uk,wE6eWq$uS07x(z
Ansley,Pafford,apafford5@linkedin.com,"dQ5{XB9KUG/,ApA<"
Lodovico,Denerley,ldenerley6@addthis.com,kY6Av6!%dD0%
Anica,Lundie,alundie7@deviantart.com,aE0sf.?}
Melesa,Fossitt,mfossitt8@cornell.edu,aL2et)ms#lf
Audrye,Simao,asimao9@dyndns.org,"dE1,%Wy/"
Sunny,Axelbey,saxelbeya@bloglines.com,qJ6LGM7SoLa
Saidee,Salleir,ssalleirb@weebly.com,mQ5KsTvH
Cam,Willbourne,cwillbournec@smh.com.au,jY1kw!<f{PJ~00/o
Franciska,Curtayne,fcurtayned@uol.com.br,nE1tC()N5)
Fletch,Diviny,fdivinye@psu.edu,eY9%iKoqA!UV!~
